,Mean Squared Error,Mean Absolute Error,R-Squared
0,0.3112457637972652,0.42646236420670114,0.0034546387339225992
