,Feature,Importance
0,is_guilty_plea,0.028987331737240035
1,nth_case,0.445452107065452
2,is_female_derived,0.02345879881929657
3,is_innocent_plea,0.0493848835967879
4,is_male_derived,0.02347301903482905
5,is_black_derived,0.0326038133695236
6,is_white_derived,0.019243223271158776
7,is_hisp_derived,0.012399326465675615
8,is_other_derived,0.009970710838068855
9,age_derived,0.35502678580196767
