,Mean Squared Error,Mean Absolute Error,R-Squared
0,0.30489957343244994,0.42323986596298246,0.02377384402240812
