,CASE_ID,CASE_PARTICIPANT_ID,CHARGE_ID,CHARGE_VERSION_ID,CHARGE_COUNT,LENGTH_OF_CASE_in_Days,AGE_AT_INCIDENT,age_derived
count,135165.0,135165.0,135165.0,135165.0,135165.0,127360.0,129743.0,129743.0
mean,408140005034.2691,786526069024.7817,385204492895.32935,722447264356.889,1.0110975474420154,263.1509971733668,33.38505352889944,33.382502331532336
std,26102546928.70939,83104767337.30357,39212844527.66009,71050502944.40633,0.31059718463153585,2350.4110773203856,11.942124535607602,11.92706176202664
min,149765331439.0,97064562856.0,50510062193.0,93871785795.0,1.0,-328549.0,17.0,17.0
25%,397003982768.0,751698874489.0,365180369176.0,682316150396.0,1.0,63.0,23.0,23.0
50%,409784304295.0,791265842407.0,386059145258.0,722637026544.0,1.0,161.0,31.0,31.0
75%,422651710642.0,832269816087.0,409257293763.0,768218227836.0,1.0,335.0,42.0,42.0
max,445593200623.0,905535215556.0,448436804629.0,838596983762.0,61.0,329379.0,137.0,81.0
